iterations,slope,intercept
0,1260.5282197916667,26.532071875
500,4120.2154841802885,2926.8777440165113
1000,4075.9387733300387,5745.591697639011
1500,4032.220530987774,8528.752807658484
2000,3989.053713110059,11276.809507193359
2500,3946.431364500989,13990.204573210849
3000,3904.3466176915413,16669.37519786872
3500,3862.79269183307,19314.753058957245
4000,3821.7628916047424,21926.76438945287
4500,3781.25060613477,24505.830046194307
5000,3741.249307935239,27052.365577692533
5500,3701.752551850376,29566.781291085554
6000,3662.753974018085,32049.48231824856
6500,3624.247290844572,34500.86868107027
7000,3586.2262979919146,36921.335355906005
7500,3548.684869378399,39311.27233721731
8000,3511.616956191454,41671.064700409996
8500,3475.0165859130525,44001.0926638783
9000,3438.8778613573913,46301.73165026741
9500,3403.1949597207213,48573.352346962754
10000,3367.96213164315,50816.32076581659
10500,3333.1737002822906,53030.99830212098
11000,3298.824060398578,55217.7417928377
11500,3264.907677452144,57376.903574092255
12000,3231.4190867110606,59508.83153794447
12500,3198.35289237085,61613.86918844147
13000,3165.703766685094,63692.355696964456
13500,3133.466449106998,65744.62595687753
14000,3101.6357454418066,67771.0106374865
14500,3070.206527009879,69771.83623731816
15000,3039.173729820358,71747.42513672594
15500,3008.5323537552185,73698.0956498342
16000,2978.2774617636514,75624.16207582511
16500,2948.4041790665724,77525.93474958035
17000,2918.9076923711837,79403.72009168337
17500,2889.783249095446,81257.82065779048
18000,2861.026156602313,83088.53518738048
18500,2832.6317814436497,84896.15865188779
19000,2804.595548613661,86680.98230223023
19500,2776.912940811761,88443.29371573566
20000,2749.5794977147234,90183.37684247798
20500,2722.5908152580164,91901.51205102807
21000,2695.942544926208,93597.97617362787
21500,2669.6303930523177,95273.04255079421
22000,2643.650120125999,96926.9810753611
22500,2617.9975401104557,98560.05823596551
23000,2592.66851976798,100172.53715998487
23500,2567.658977993984,101764.67765593294
24000,2542.9648851594343,103336.73625532196
24500,2518.58226246159,104888.96625399493
25000,2494.507181282917,106421.61775293837
25500,2470.7357625581008,107934.93769857894
26000,2447.2641761490327,109429.16992257268
26500,2424.0886402276865,110904.55518109197
27000,2401.205420666775,112361.33119361695
27500,2378.610830438093,113799.73268123805
28000,2356.3012290184547,115219.99140447467
28500,2334.2730218031093,116622.33620061778
29000,2312.522659526584,118006.99302060019
29500,2291.0466376907866,119374.18496540385
30000,2269.8414960003674,120724.1323220059
30500,2248.9038178051833,122057.05259887174
31000,2228.2302295497843,123373.16056100173
31500,2207.8174002298615,124672.66826453424
32000,2187.6620408555386,125955.78509091338
32500,2167.760903921445,127222.71778062482
33000,2148.1107828834606,128473.67046650675
33500,2128.708511642069,129708.84470664052
34000,2109.5509640322084,130928.43951682722
34500,2090.6350533195987,132132.6514026523
35000,2071.9577317033772,133321.67439114835
35500,2053.515989825034,134495.70006205692
36000,2035.3068562835276,135654.9175786971
36500,2017.327397156523,136799.51371844372
37000,1999.5747155276667,137929.6729028221
37500,1982.045951019837,139045.57722722166
38000,1964.738279334252,140147.40649023704
38500,1947.6489117954134,141235.33822263754
39000,1930.7750949017884,142309.54771597128
39500,1914.1141098821565,143370.20805080887
40000,1897.6632722575537,144417.4901246304
40500,1881.419931408726,145451.56267936213
41000,1865.381470149062,146472.5923285642
41500,1849.545304302905,147480.74358427542
42000,1833.9088822891702,148476.17888352138
42500,1818.4696847102314,149459.05861448596
43000,1803.2252239459958,150429.5411423533
43500,1788.1730437530687,151387.78283482546
44000,1773.310718869015,152333.93808731565
44500,1758.6358546215743,153268.1593478261
45000,1744.1460865428326,154190.59714151043
45500,1729.8390799882552,155101.4000949265
46000,1715.7125297605116,156000.71495998418
46500,1701.7641597380525,156888.68663759073
47000,1687.9917225083861,157765.45820099674
47500,1674.3929990059416,158631.17091885052
48000,1660.96579815454,159485.9642779585
48500,1647.7079565143858,160329.97600575848
49000,1634.617337933433,161163.34209251413
49500,1621.6918332032412,161986.19681322333
50000,1608.929359719114,162798.6727492547
50500,1596.3278611445505,163600.90080970866
51000,1583.885307079918,164393.01025251034
51500,1571.5996927352994,165175.12870523648
52000,1559.4690386074892,165947.38218567843
52500,1547.4913901610284,166709.8951221477
53000,1535.6648175133023,167462.79037352314
53500,1523.9874151235751,168206.1892490474
54000,1512.457301485987,168940.21152787123
54500,1501.0726188263586,169664.97547835507
55000,1489.831532802904,170380.5978771224
55500,1478.7322322106406,171087.19402787703
56000,1467.7729286895778,171784.87777998054
56500,1456.951856436564,172473.7615467962
57000,1446.2672719207856,173153.95632380084
57500,1435.7174536028174,173825.5717064704
58000,1425.3007016572756,174488.71590793622
58500,1415.015337698899,175143.4957764232
59000,1404.8597045121535,175790.01681246332
59500,1394.8321657841982,176428.38318589545
60000,1384.9311058412497,177058.69775264888
60500,1375.1549293882256,177681.06207131775
61000,1365.5020612517608,178295.57641952115
61500,1355.9709461263603,178902.33981006325
62000,1346.5600483238215,179501.45000688542
62500,1337.2678515258012,180093.00354081823
63000,1328.0928585394884,180677.09572513553
63500,1319.033591056386,181253.82067091085
64000,1310.0885894141218,181823.27130218068
64500,1301.2564123612435,182385.53937091804
65000,1292.5356368250173,182940.7154718147
65500,1283.9248576821306,183488.88905687857
66000,1275.422687532275,184030.1484498476
66500,1267.027756474643,184564.58086041838
67000,1258.7387118871773,185092.27239829957
67500,1250.554218208633,185613.3080870858
68000,1242.4729567233915,186127.7718779569
68500,1234.493625348978,186635.74666320474
69000,1226.6149384262824,187137.3142895882
69500,1218.835626512392,187632.5555715214
70000,1211.154436176061,188121.55030409477
70500,1203.570129795754,188604.37727593162
71000,1196.0814853602212,189081.11428188367
71500,1188.6872962716268,189551.83813556455
72000,1181.3863711511285,190016.6246817266
72500,1174.1775336469082,190475.54880848178
73000,1167.0596222446513,190928.68445936713
73500,1160.0314900803842,191376.10464525953
74000,1153.0920047556917,191817.88145613932
74500,1146.2400481552625,192254.0860727055
75000,1139.4745162667393,192684.78877784451
75500,1132.794319002832,193110.0589679544
76000,1126.1983800256703,193529.96516412712
76500,1119.685636573397,193944.57502318764
77000,1113.255039288918,194353.95534859604
77500,1106.9055520508145,194758.1721012117
78000,1100.6361518064446,195157.29040991844
78500,1094.4458284070638,195551.37458212094
79000,1088.3335844450728,195940.4881141057
79500,1082.2984350933275,196324.69370127082
80000,1076.3394079464447,196704.05324822868
80500,1070.4555428641359,197078.62787877946
81000,1064.645891816485,197448.47794576111
81500,1058.9095187312212,197813.663040772
82000,1053.2454993429005,198174.2420037723
82500,1047.652921043945,198530.27293256708
83000,1042.130882737649,198881.813192164
83500,1036.6784946929654,199228.9194240179
84000,1031.2948784011517,199571.64755515681
84500,1025.979166434212,199910.0528071939
85000,1020.7305023051592,200244.18970522308
85500,1015.5480403299821,200574.11208660676
86000,1010.4309454914178,200899.87310964783
86500,1005.3783933044003,201221.52526215572
87000,1000.389569683184,201539.12036990534
87500,995.4636708102378,201852.7096049835
88000,990.5999030066836,202162.34349403696
88500,985.7974826044178,202468.0719264133
89000,981.0556358198698,202769.94416219776
89500,976.3735986293078,203068.00884015116
90000,971.7506166457251,203362.31398554787
90500,967.1859449973444,203652.90701791
91000,962.6788482075268,203939.83475865284
91500,958.2286000763194,204223.14343862553
92000,953.8344835634314,204502.87870556104
92500,949.4957906727124,204779.08563143035
93000,945.2118223380571,205051.80871970605
93500,940.9818883107862,205321.09191253164
94000,936.8053070484317,205586.9785978018
94500,932.6814056049053,205849.51161615417
95000,928.6095195220984,206108.73326787053
95500,924.5889927227961,206364.6853196938
96000,920.6191774049854,206617.4090115566
96500,916.69943393748,206866.94506322598
97000,912.8291307568395,207113.3336808656
97500,909.0076442656343,207356.61456351224
98000,905.2343587319466,207596.82690947398
98500,901.5086661901975,207834.00942264334
99000,897.8299663431419,208068.20031873666
99500,894.1976664651767,208299.4373314495
100000,890.6111813068316,208527.75771853694
100500,887.0699330004794,208753.19826781613
101000,883.5733509672108,208975.79530309487
101500,880.1208718249102,209195.5846900235
102000,876.7119392974913,209412.6018418732
102500,873.3460041252439,209626.88172524332
103000,870.0225239763599,209838.45886569374
103500,866.7409633595383,210047.36735330874
104000,863.5007935377112,210253.64084818918
104500,860.3014924428262,210457.31258587746
105000,857.1425445917741,210658.4153827099
105500,854.0234410032995,210856.98164110616
106000,850.9436791159982,211053.0433547897
106500,847.9027627073526,211246.63211394212
107000,844.9002018137614,211437.779110294
107500,841.9355126516173,211626.5151421495
108000,839.008217539325,211812.87061935052
108500,836.1178448203698,211996.87556817438
109000,833.2639287873087,212178.55963617263
109500,830.4460096067289,212357.95209694834
110000,827.6636332451749,212535.08185487156
110500,824.9163513959544,212709.97744973912
111000,822.2037214069513,212882.66706136987
111500,819.5253062092831,213053.17851414686
112000,816.8806742468731,213221.53928150045
112500,814.269399406931,213387.77649033428
113000,811.6910609512851,213551.91692539662
113500,809.1452434485849,213713.98703359658
114000,806.631536707396,213874.01292826314
114500,804.1495357100702,214032.0203933553
115000,801.6988405475043,214188.03488761536
115500,799.2790563547208,214342.0815486698
116000,796.8897932472127,214494.18519708185
116500,794.5306662581586,214644.37034034837
117000,792.2012952763724,214792.66117685
117500,789.9013049850527,214939.08159975053
118000,787.6303248013417,215083.65520084472
118500,785.3879888165965,215226.40527436053
119000,783.1739357374175,215367.3548207135
119500,780.9878088274558,215506.52655021116
120000,778.8292558499363,215643.94288671244
120500,776.6979290108865,215779.62597124142
121000,774.5934849031175,215913.5976655538
121500,772.5155844508906,216045.8795556594
122000,770.4638928552592,216176.49295530183
122500,768.4380795401527,216305.45890939084
123000,766.4378180991104,216432.79819739325
123500,764.4627862426735,216558.53133668212
124000,762.5126657464796,216682.67858584112
124500,760.5871423999622,216805.25994793035
125000,758.6859059557398,216926.2951737083
125500,756.8086500796293,217045.80376481413
126000,754.9550723012828,217163.80497691003
126500,753.1248739654615,217280.31782278343
127000,751.3177601838973,217395.36107541135
127500,749.5334397877895,217508.9532709846
128000,747.7716252808965,217621.11271189406
128500,746.0320327932106,217731.85746967976
129000,744.3143820352203,217841.2053879425
129500,742.618396252735,217949.17408522006
130000,740.9438021823089,218055.7809578247
130500,739.2903300072111,218161.04318264616
131000,737.6577133139486,218264.97771991973
131500,736.0456890493242,218367.60131595974
132000,734.4539974780884,218468.9305058555
132500,732.8823821410559,218568.9816161379
133000,731.3305898138088,218667.77076740816
133500,729.7983704658798,218765.31387693647
134000,728.2854772204738,218861.62666122592
134500,726.7916663146748,218956.72463854612
135000,725.3166970602117,219050.62313143056
135500,723.8603318046203,219143.3372691494
136000,722.4223358929974,219234.88199014397
136500,721.0024776301702,219325.27204443532
137000,719.600528243375,219414.52199600008
137500,718.2162618453865,219502.6462251177
138000,716.84945539813,219589.65893068686
138500,715.499888676736,219675.57413251392
139000,714.1673442340726,219760.4056735708
139500,712.8516073656979,219844.16722222618
140000,711.5524660752551,219926.8722744484
140500,710.269711040348,220008.53415597798
141000,709.0031355787801,220089.1660244768
141500,707.7525356152756,220168.7808716467
142000,706.517709648579,220247.39152532414
142500,705.2984587190041,220325.01065154566
143000,704.0945863763803,220401.65075658893
143500,702.905898648373,220477.32418898924
144000,701.7322040092663,220552.04314152687
144500,700.5733133490753,220625.8196531935
145000,699.4290399430903,220698.665611131
145500,698.2991994217903,220770.5927525469
146000,697.1836097411206,220841.61266660638
146500,696.0820911531893,220911.7367962979
147000,694.9944661772848,220980.97644027823
147500,693.9205595712831,221049.34275469265
148000,692.860198303416,221116.8467549723
148500,691.8132115243975,221183.4993176086
149000,690.779430539865,221249.31118190783
149500,689.7586887832513,221314.29295171777
150000,688.750821788892,221378.45509714007
150500,687.7556671655644,221441.80795621476
151000,686.7730645703239,221504.36173658562
151500,685.8028556826234,221566.126517148
152000,684.8448841788565,221627.1122496694
152500,683.8989957071389,221687.32876039483
153000,682.9650378624599,221746.78575162878
153500,682.0428601621076,221805.49280329968
154000,681.132314021425,221863.4593745032
154500,680.2332527298828,221920.69480502565
155000,679.345531427434,221977.20831684914
155500,678.4690070811743,222033.00901563745
156000,677.6035384622746,222088.1058922046
156500,676.7489861232691,222142.50782396056
157000,675.9052123755525,222196.2235763441
157500,675.072081267197,222249.26180423467
158000,674.2494585610738,222301.63105334528
158500,673.4372117131958,222353.3397616015
159000,672.6352098513712,222404.3962605
159500,671.8433237541226,222454.80877645095
160000,671.061425829869,222504.5854321031
160500,670.289390096336,222553.73424765456
161000,669.5270921603001,222602.26314214244
161500,668.7744091975311,222650.17993471964
162000,668.031219932981,222697.492345916
162500,667.2974046212821,222744.20799887998
163000,666.5728450274175,222790.3344206091
163500,665.8574244076873,222835.87904316167
164000,665.1510274909051,222880.84920485376
164500,664.4535404598081,222925.2521514428
165000,663.7648509327302,222969.09503729438
165500,663.0848479454816,223012.38492653536
166000,662.4134219335012,223055.12879419062
166500,661.7504647141632,223097.3335273092
167000,661.095869469375,223139.00592607204
167500,660.4495307283488,223180.152704889
168000,659.8113443506153,223220.78049348004
168500,659.1812075092528,223260.89583794287
169000,658.5590186742961,223300.50520180943
169500,657.9446775964029,223339.61496708528
170000,657.3380852906892,223378.2314352791
170500,656.7391440207749,223416.36082841802
171000,656.1477572830496,223454.0092900495
171500,655.5638297911192,223491.18288623134
172000,654.9872674604363,223527.88760651028
172500,654.4179773931767,223564.12936488457
173000,653.8558678632336,223599.91400075948
173500,653.3008483014548,223635.24727988697
174000,652.7528292810607,223670.13489529406
174500,652.2117225032156,223704.58246820144
175000,651.6774407828084,223738.59554892848
175500,651.1498980344181,223772.17961778693
176000,650.6290092584218,223805.34008596514
176500,650.1146905273049,223838.0822963997
177000,649.606858972153,223870.41152463522
177500,649.1054327692824,223902.33297967562
178000,648.6103311270665,223933.85180482268
178500,648.1214742729146,223964.97307850496
179000,647.6387834404171,223995.70181509628
179500,647.16218085666,224026.04296572309
180000,646.6915897296927,224056.0014190626
180500,646.2269342361388,224085.58200213115
181000,645.7681395090099,224114.7894810602
181500,645.3151316256144,224143.62856186606
182000,644.86783759566,224172.10389120723
182500,644.4261853494971,224200.2200571329
183000,643.9901037264904,224227.98158982318
183500,643.5595224635736,224255.39296231777
184000,643.1343721839199,224282.4585912372
184500,642.7145843857572,224309.1828374949
185000,642.3000914313358,224335.57000699936
185500,641.8908265360302,224361.62435134817
186000,641.4867237575813,224387.35006851275
186500,641.087717985468,224412.75130351496
187000,640.693744930425,224437.8321490944
187500,640.3047411140623,224462.59664636935
188000,639.9206438586546,224487.0487854866
188500,639.541391277051,224511.19250626408
189000,639.1669222626815,224535.03169882682
189500,638.7971764797372,224558.57020423212
190000,638.4320943534146,224581.8118150908
190500,638.0716170603371,224604.76027617676
191000,637.7156865190948,224627.41928502938
191500,637.3642453808474,224649.7924925516
192000,637.0172370201063,224671.883503597
192500,636.6746055256222,224693.6958775495
193000,636.3362956913498,224715.23312889895
193500,636.002253007568,224736.49872780638
194000,635.6724236520887,224757.4961006634
194500,635.346754481603,224778.22863064328
195000,635.0251930231,224798.69965824726
195500,634.7076874654185,224818.91248184242
196000,634.394186650902,224838.87035819274
196500,634.0846400671476,224858.57650298468
197000,633.7789978388781,224878.03409134425
197500,633.4772107198977,224897.2462583494
198000,633.1792300851591,224916.2160995349
198500,632.8850079229227,224934.94667139166
199000,632.5944968270487,224953.44099185715
199500,632.3076499893152,224971.70204080467
200000,632.0244211919103,224989.73276052126
200500,631.744764799969,225007.53605618275
201000,631.4686357542301,225025.11479632123
201500,631.1959895637744,225042.47181328753
202000,630.9267822988514,225059.6099037076
202500,630.6609705837906,225076.531828934
203000,630.3985115900358,225093.24031548918
203500,630.139363029233,225109.73805550576
204000,629.8834831464164,225126.02770716004
204500,629.6308307132842,225142.11189510016
205000,629.3813650215501,225157.9932108695
205500,629.1350458763845,225173.67421332406
206000,628.891833589946,225189.1574290443
206500,628.6516889749772,225204.4453527428
207000,628.4145733385049,225219.54044766544
207500,628.1804484755781,225234.4451459899
208000,627.9492766631515,225249.1618492151
208500,627.7210206539645,225263.6929285509
209000,627.4956436705753,225278.04072529788
209500,627.2731093994237,225292.2075512253
210000,627.0533819849712,225306.19568894416
210500,626.8364260239289,225320.0073922746
211000,626.6222065595623,225333.64488660856
211500,626.4106890760339,225347.11036926994
212000,626.2018394928836,225360.40600986587
212500,625.9956241594966,225373.53395063893
213000,625.7920098497076,225386.49630681082
213500,625.5909637564291,225399.295166924
214000,625.3924534863703,225411.9325931783
214500,625.1964470548351,225424.4106217617
215000,625.0029128805556,225436.73126317945
215500,624.8118197805852,225448.8965025792
216000,624.6231369653012,225460.90830006907
216500,624.4368340334468,225472.7685910332
217000,624.252880967215,225484.47928644493
217500,624.0712481274073,225496.04227317474
218000,623.8919062486665,225507.45941429402
218500,623.714826434778,225518.73254937402
219000,623.5399801539988,225529.86349478317
219500,623.3673392344446,225540.85404398091
220000,623.1968758595908,225551.70596780398
220500,623.0285625637407,225562.42101475492
221000,622.862372227646,225573.0009112809
221500,622.6982780741114,225583.44736205364
222000,622.5362536636892,225593.76205024333
222500,622.3762728904084,225603.94663779053
223000,622.218309977573,225614.00276567388
223500,622.0623394736267,225623.93205417306
224000,621.908336248038,225633.73610313094
224500,621.7562754872255,225643.4164922129
225000,621.6061326906117,225652.97478115815
225500,621.4578836666383,225662.41251003323
226000,621.3115045288839,225671.7311994793
226500,621.1669716921929,225680.93235095858
227000,621.0242618689136,225690.01744699376
227500,620.8833520651149,225698.98795140893
228000,620.7442195768962,225707.84530956432
228500,620.6068419867225,225716.59094858993
229000,620.4711971598038,225725.22627761573
229500,620.3372632405517,225733.7526879974
230000,620.205018649042,225742.1715535414
230500,620.0744420775495,225750.48423072573
231000,619.9455124870894,225758.69205891996
231500,619.8182091040592,225766.7963605991
232000,619.6925114168621,225774.79844155855
232500,619.5683991726368,225782.6995911222
233000,619.4458523739604,225790.5010823524
233500,619.3248512756369,225798.20417225448
234000,619.2053763815255,225805.81010197854
234500,619.0874084414093,225813.32009701882
235000,618.9709284478499,225820.735367414
235500,618.8559176331607,225828.0571079398
236000,618.7423574663818,225835.28649830166
236500,618.6302296502871,225842.42470332514
237000,618.5195161184222,225849.4728731447
237500,618.4101990322207,225856.43214338695
238000,618.3022607781169,225863.30363535482
238500,618.1956839647085,225870.088456208
239000,618.090451419941,225876.78769914218
239500,617.9865461883619,225883.40244356383
240000,617.8839515283838,225889.9337552646
240500,617.7826509095676,225896.38268659406
241000,617.6826280099891,225902.7502766275
241500,617.5838667136094,225909.03755133325
242000,617.4863511076236,225915.24552374156
242500,617.3900654799763,225921.37519410258
243000,617.294994316768,225927.42755005174
243500,617.2011222997779,225933.4035667671
244000,617.1084343040144,225939.3042071258
244500,617.016915395246,225945.1304218606
245000,616.9265508276058,225950.88314971302
245500,616.8373260412275,225956.56331758332
246000,616.7492266598795,225962.1718406814
246500,616.6622384886734,225967.70962267264
247000,616.5763475117533,225973.177555825
247500,616.4915398900511,225978.57652115182
248000,616.4078019590539,225983.90738855404
248500,616.3251202265952,225989.1710169608
249000,616.2434813706936,225994.36825446715
249500,616.1628722374007,225999.49993847075
250000,616.0832798386723,226004.56689580771
250500,616.0046913502897,226009.5699428847
251000,615.9270941097903,226014.50988581084
251500,615.8504756144199,226019.38752052802
252000,615.7748235191268,226024.20363293856
252500,615.700125634571,226028.95899903192
253000,615.6263699251514,226033.65438501045
253500,615.5535445070793,226038.29054741174
254000,615.481637646461,226042.8682332311
254500,615.410637757387,226047.38818004276
255000,615.3405334001008,226051.8511161168
255500,615.2713132791372,226056.25776053738
256000,615.2029662414998,226060.6088233191
256500,615.1354812748506,226064.90500552193
257000,615.068847505769,226069.14699936216
257500,615.0030541979777,226073.33548832542
258000,614.9380907506207,226077.47114727623
258500,614.8739466965476,226081.55464256724
259000,614.8106117006326,226085.58663214618
259500,614.7480755581067,226089.56776566218
260000,614.6863281929243,226093.49868456958
260500,614.6253596561272,226097.38002223225
261000,614.5651601242325,226101.21240402607
261500,614.5057198976687,226104.9964474386
262000,614.4470293992092,226108.73276216877
262500,614.3890791724342,226112.42195022473
263000,614.3318598801827,226116.06460602253
263500,614.2753623030791,226119.6613164798
264000,614.2195773380232,226123.2126611119
264500,614.1644959967348,226126.71921212468
265000,614.1101094043102,226130.18153450618
265500,614.0564087977809,226133.60018611862
266000,614.0033855247107,226136.97571778754
266500,613.9510310417904,226140.30867339126
267000,613.8993369134741,226143.59958994776
267500,613.8482948106176,226146.84899770143
268000,613.7978965091309,226150.05742020873
268500,613.7481338886536,226153.22537442244
269000,613.6989989312549,226156.3533707747
269500,613.650483720121,226159.44191326035
270000,613.6025804383049,226162.4914995166
270500,613.5552813674586,226165.5026209036
271000,613.5085788865769,226168.47576258468
271500,613.4624654707903,226171.41140360295
272000,613.4169336901359,226174.31001695973
272500,613.3719762083634,226177.17206969034
273000,613.3275857817629,226179.99802293896
273500,613.283755257983,226182.7883320338
274000,613.24047757489,226185.5434465595
274500,613.19774575943,226188.26381042995
275000,613.1555529264841,226190.94986196098
275500,613.1138922777977,226193.6020339384
276000,613.072757100852,226196.22075369005
276500,613.0321407677992,226198.8064431535
277000,612.9920367343783,226201.359518945
277500,612.9524385388864,226203.88039242517
278000,612.9133398011146,226206.36946976653
278500,612.8747342213352,226208.82715201803
279000,612.8366155792733,226211.25383517062
279500,612.7989777331181,226213.6499102201
280000,612.7618146185163,226216.01576323126
280500,612.7251202476081,226218.3517753991
281000,612.6888887080707,226220.65832310994
281500,612.6531141621343,226222.9357780039
282000,612.6177908456883,226225.18450703195
282500,612.5829130672987,226227.40487251824
283000,612.5484752073339,226229.59723221595
283500,612.5144717170409,226231.76193936606
284000,612.4808971176401,226233.8993427549
284500,612.4477459994928,226236.00978676724
285000,612.4150130211482,226238.0936114469
285500,612.3826929085639,226240.15115254637
286000,612.3507804541914,226242.18274158507
286500,612.3192705161847,226244.18870589978
287000,612.2881580175494,226246.1693686986
287500,612.2574379453266,226248.12504911318
288000,612.2271053497774,226250.05606225037
288500,612.1971553436139,226251.96271924145
289000,612.1675831011734,226253.84532729443
289500,612.1383838576735,226255.7041897417
290000,612.1095529084248,226257.53960609
290500,612.0810856080733,226259.3518720687
291000,612.0529773698731,226261.1412796761
291500,612.0252236649163,226262.9081172285
292000,611.9978200214182,226264.6526694056
292500,611.9707620240065,226266.37521729583
293000,611.9440453129968,226268.07603844246
293500,611.9176655836981,226269.75540688785
294000,611.8916185857114,226271.413593218
294500,611.8659001222471,226273.05086460605
295000,611.8405060494503,226274.66748485534
295500,611.8154322757442,226276.263714441
296000,611.7906747611432,226277.83981055388
296500,611.7662295166252,226279.39602714044
297000,611.7420926034827,226280.93261494394
297500,611.7182601326892,226282.449821545
298000,611.6947282642727,226283.94789140127
298500,611.6714932066844,226285.4270658878
299000,611.6485512162176,226286.8875833339
299500,611.6258985963722,226288.32967906367
300000,611.6035316972619,226289.75358543365
300500,611.5814469150655,226291.1595318679
301000,611.5596406913933,226292.54774489818
301500,611.5381095127491,226293.91844819832
302000,611.5168499099555,226295.27186262078
302500,611.4958584575836,226296.6082062328
303000,611.4751317734101,226297.9276943513
303500,611.454666517877,226299.23053957688
304000,611.4344593935497,226300.51695182858
304500,611.4145071445847,226301.78713837778
305000,611.3948065561991,226303.04130388174
305500,611.3753544541581,226304.27965041646
306000,611.3561477042709,226305.50237750867
306500,611.3371832118836,226306.70968216812
307000,611.3184579213511,226307.90175892127
307500,611.2999688155965,226309.07879983916
308000,611.2817129155875,226310.24099457095
308500,611.2636872798664,226311.38853037372
309000,611.2458890040698,226312.5215921431
309500,611.228315220488,226313.64036244128
310000,611.2109630975611,226314.74502152906
310500,611.1938298394492,226315.8357473934
311000,611.1769126855803,226316.91271577586
311500,611.1602089102034,226317.97610020143
312000,611.1437158219367,226319.02607200702
312500,611.1274307633615,226320.06280036733
313000,611.1113511105654,226321.0864523242
313500,611.0954742727441,226322.09719281163
314000,611.0797976917552,226323.09518468432
314500,611.0643188417307,226324.08058874242
315000,611.0490352286681,226325.05356375736
315500,611.0339443900008,226326.01426649943
316000,611.0190438942515,226326.9628517597
316500,611.0043313405866,226327.8994723783
317000,610.9898043584793,226328.82427926626
317500,610.9754606072794,226329.73742143236
318000,610.9612977758721,226330.6390460053
318500,610.9473135822916,226331.52929825798
319000,610.9335057733502,226332.40832163132
319500,610.9198721242803,226333.27625775698
320000,610.9064104383834,226334.13324647967
320500,610.8931185466691,226334.9794258802
321000,610.8799943074883,226335.81493229882
321500,610.8670356062179,226336.63990035516
322000,610.8542403549117,226337.4544629707
322500,610.8416064919436,226338.25875139123
323000,610.829131981706,226339.05289520626
323500,610.8168148142523,226339.83702237162
324000,610.804653004997,226340.61125922867
324500,610.7926445943896,226341.37573052497
325000,610.7807876475849,226342.13055943535
325500,610.7690802541528,226342.87586758027
326000,610.7575205277584,226343.61177504636
326500,610.7461066058476,226344.33840040624
327000,610.734836649373,226345.0558607361
327500,610.7237088424786,226345.7642716357
328000,610.7127213922114,226346.4637472469
328500,610.7018725282308,226347.15440027183
329000,610.6911605025258,226347.83634199123
329500,610.6805835891404,226348.50968228173
330000,610.670140083881,226349.1745296345
330500,610.6598283040539,226349.83099117214
331000,610.64964658818,226350.47917266653
331500,610.639593295755,226351.11917855433
332000,610.6296668069466,226351.7511119563
332500,610.6198655223652,226352.37507469163
333000,610.6101878627965,226352.9911672952
333500,610.6006322689295,226353.59948903476
334000,610.5911972011401,226354.20013792493
334500,610.5818811392188,226354.79321074416
335000,610.5726825821264,226355.3788030506
335500,610.5636000477508,226355.95700919753
336000,610.5546320726813,226356.52792234757
336500,610.545777211971,226357.0916344879
337000,610.5370340388943,226357.64823644585
337500,610.5284011447113,226358.19781790362
338000,610.5198771384595,226358.7404674117
338500,610.5114606467226,226359.27627240363
339000,610.5031503134105,226359.80531920987
339500,610.4949447995182,226360.32769307325
340000,610.486842782953,226360.84347815995
340500,610.4788429582915,226361.35275757496
341000,610.4709440365571,226361.8556133762
341500,610.4631447450582,226362.35212658494
342000,610.4554438271376,226362.84237720162
342500,610.4478400420086,226363.32644421633
343000,610.4403321645074,226363.8044056247
343500,610.4329189849436,226364.2763384371
344000,610.4255993088775,226364.74231869326
344500,610.4183719569352,226365.20242147363
345000,610.4112357646193,226365.65672091165
345500,610.4041895821197,226366.10529020577
346000,610.397232274134,226366.5482016308
346500,610.3903627196722,226366.98552655047
347000,610.383579811885,226367.4173354283
347500,610.3768824578957,226367.84369783825
348000,610.3702695785828,226368.2646824786
348500,610.3637401084738,226368.68035717873
349000,610.3572929955034,226369.09078891456
349500,610.3509272008944,226369.49604381595
350000,610.3446416989675,226369.89618717905
350500,610.3384354769825,226370.29128347622
351000,610.3323075349648,226370.6813963672
351500,610.3262568855549,226371.06658870855
352000,610.3202825538573,226371.44692256345
352500,610.3143835772587,226371.8224592131
353000,610.3085590053014,226372.19325916492
353500,610.3028078995052,226372.5593821638
354000,610.2971293332323,226372.92088720071
354500,610.2915223915286,226373.27783252284
355000,610.2859861709868,226373.63027564232
355500,610.280519779594,226373.9782733458
356000,610.2751223365767,226374.32188170459
356500,610.2697929722813,226374.6611560819
357000,610.2645308280198,226374.996151143
357500,610.2593350559433,226375.326920863
358000,610.2542048188828,226375.65351853726
358500,610.2491392902399,226375.97599678813
359000,610.2441376538328,226376.29440757475
359500,610.2391991037889,226376.6088022001
360000,610.2343228443851,226376.91923132094
360500,610.2295080899389,226377.22574495486
361000,610.2247540646786,226377.52839248852
361500,610.2200600026218,226377.82722268536
362000,610.2154251474477,226378.12228369375
362500,610.2108487523657,226378.4136230554
363000,610.2063300800152,226378.70128771165
363500,610.2018684023242,226378.9853240125
364000,610.1974630004189,226379.26577772244
364500,610.1931131644743,226379.54269402986
365000,610.1888181936354,226379.81611755214
365500,610.1845773958828,226380.08609234408
366000,610.1803900879161,226380.3526619055
366500,610.1762555950661,226380.6158691868
367000,610.1721732511645,226380.87575659706
367500,610.1681423984566,226381.1323660099
368000,610.1641623874684,226381.3857387716
368500,610.1602325769359,226381.63591570593
369000,610.1563523336655,226381.88293712283
369500,610.1525210324645,226382.12684282288
370000,610.1487380560148,226382.36767210538
370500,610.1450027947867,226382.60546377377
371000,610.1413146469432,226382.8402561418
371500,610.1376730182392,226383.07208703994
372000,610.1340773219198,226383.3009938217
372500,610.1305269786391,226383.52701336908
373000,610.1270214163446,226383.75018209967
373500,610.1235600702125,226383.9705359709
374000,610.1201423825332,226384.18811048727
374500,610.1167678026413,226384.40294070492
375000,610.1134357868135,226384.61506123797
375500,610.1101457981733,226384.8245062647
376000,610.1068973066274,226385.03130953157
376500,610.1036897887766,226385.23550435874
377000,610.1005227278129,226385.43712364708
377500,610.0973956134426,226385.63619988246
378000,610.094307941813,226385.83276514077
378500,610.0912592154277,226386.0268510934
379000,610.088248943061,226386.2184890123
379500,610.0852766396965,226386.40770977436
380000,610.0823418264184,226386.59454386792
380500,610.0794440303677,226386.77902139587
381000,610.0765827846283,226386.96117208264
381500,610.0737576281955,226387.14102527648
382000,610.0709681058621,226387.31860995642
382500,610.0682137681792,226387.49395473496
383000,610.0654941713548,226387.66708786457
383500,610.0628088771971,226387.83803724105
384000,610.060157453033,226388.00683040894
384500,610.0575394716658,226388.17349456417
385000,610.0549545112747,226388.3380565604
385500,610.0524021553539,226388.50054291292
386000,610.0498819926662,226388.66097980167
386500,610.0473936171522,226388.81939307693
387000,610.0449366278785,226388.97580826265
387500,610.0425106289613,226389.13025056125
388000,610.0401152295177,226389.28274485693
388500,610.0377500435922,226389.4333157201
389000,610.0354146900892,226389.58198741183
389500,610.033108792734,226389.72878388624
390000,610.0308319800008,226389.87372879512
390500,610.0285838850338,226390.01684549308
391000,610.0263641456082,226390.15815703978
391500,610.0241724040765,226390.29768620347
392000,610.0220083072937,226390.43545546595
392500,610.0198715065744,226390.57148702495
393000,610.0177616576336,226390.70580279807
393500,610.0156784205094,226390.83842442778
394000,610.0136214595603,226390.96937328143
394500,610.0115904433604,226391.09867045804
395000,610.0095850446534,226391.2263367912
395500,610.0076049403234,226391.35239285085
396000,610.0056498113465,226391.47685894652
396500,610.0037193426866,226391.59975513382
397000,610.0018132233025,226391.72110121397
397500,609.9999311460781,226391.8409167385
398000,609.998072807763,226391.95922101263
398500,609.996237908934,226392.07603309813
399000,609.9944261539462,226392.19137181612
399500,609.9926372508859,226392.30525575014
400000,609.9908709115165,226392.41770324978
400500,609.9891268512374,226392.52873243307
401000,609.9874047890428,226392.6383611892
401500,609.9857044474666,226392.74660718208
402000,609.9840255525439,226392.8534878526
402500,609.9823678337583,226392.9590204223
403000,609.980731024016,226393.0632218946
403500,609.9791148595916,226393.1661090587
404000,609.977519080078,226393.2676984924
404500,609.975943428368,226393.3680065635
405000,609.9743876505792,226393.46704943455
405500,609.9728514960319,226393.56484306406
406000,609.9713347172258,226393.6614032083
406500,609.9698370697639,226393.75674542584
407000,609.9683583123508,226393.8508850779
407500,609.9668982067195,226393.9438373329
408000,609.9654565176123,226394.03561716762
408500,609.9640330127324,226394.12623937035
409000,609.962627462729,226394.21571854193
409500,609.9612396411243,226394.3040691002
410000,609.9598693243103,226394.39130528038
410500,609.9585162915001,226394.47744113798
411000,609.9571803246865,226394.5624905517
411500,609.9558612086133,226394.64646722501
412000,609.954558730742,226394.72938468837
412500,609.9532726812115,226394.81125630182
413000,609.9520028528049,226394.89209525712
413500,609.9507490409225,226394.9719145793
414000,609.94951104355,226395.05072712887
414500,609.948288661218,226395.1285456043
415000,609.9470816969699,226395.20538254414
415500,609.9458899563382,226395.28125032844
416000,609.9447132473003,226395.35616118158
416500,609.9435513802666,226395.4301271731
417000,609.9424041680251,226395.5031602212
417500,609.9412714257379,226395.57527209286
418000,609.9401529708898,226395.6464744073
418500,609.9390486232735,226395.71677863668
419000,609.9379582049569,226395.7861961084
419500,609.9368815402393,226395.85473800785
420000,609.9358184556439,226395.92241537877
420500,609.9347687798922,226395.98923912496
421000,609.9337323438544,226396.05522001346
421500,609.9327089805302,226396.12036867574
422000,609.9316985250329,226396.18469560868
422500,609.9307008145599,226396.24821117654
423000,609.9297156883412,226396.3109256141
423500,609.9287429876663,226396.37284902512
424000,609.9277825558044,226396.4339913873
424500,609.9268342380152,226396.4943625516
425000,609.9258978814859,226396.55397224624
425500,609.9249733353596,226396.61283007503
426000,609.924060450669,226396.67094552144
426500,609.9231590803197,226396.72832794962
427000,609.9222690790839,226396.78498660502
427500,609.9213903035599,226396.84093061677
428000,609.9205226121611,226396.89616899844
428500,609.9196658650791,226396.95071065045
429000,609.9188199242681,226397.00456436092
429500,609.9179846534341,226397.0577388066
430000,609.9171599179908,226397.11024255533
430500,609.9163455850544,226397.16208406675
431000,609.9155415234154,226397.2132716938
431500,609.9147476035221,226397.26381368388
432000,609.9139636974473,226397.31371818105
432500,609.9131896788984,226397.36299322525
433000,609.912425423154,226397.4116467564
433500,609.9116708070791,226397.45968661347
434000,609.9109257090862,226397.50712053681
434500,609.9101900091209,226397.55395616931
435000,609.9094635886448,226397.60020105727
435500,609.9087463306162,226397.64586265173
436000,609.9080381194628,226397.6909483101
436500,609.9073388410726,226397.73546529698
437000,609.9066483827822,226397.77942078465
437500,609.9059666333427,226397.82282185537
438000,609.9052934829075,226397.86567550208
438500,609.9046288230129,226397.90798862974
439000,609.9039725465766,226397.94976805538
439500,609.9033245478468,226397.99102051128
440000,609.902684722413,226398.03175264434
440500,609.9020529671889,226398.0719710172
441000,609.9014291803854,226398.11168210985
441500,609.900813261498,226398.15089232055
442000,609.9002051112847,226398.18960796722
442500,609.8996046317585,226398.22783528778
443000,609.8990117261666,226398.2655804417
443500,609.8984262989788,226398.30284951048
444000,609.8978482558666,226398.33964849927
444500,609.8972775036937,226398.37598333723
445000,609.8967139505012,226398.41185987857
445500,609.8961575054875,226398.44728390384
446000,609.8956080789953,226398.48226112078
446500,609.8950655824892,226398.51679716562
447000,609.8945299285748,226398.55089760205
447500,609.8940010309439,226398.5845679245
448000,609.893478804373,226398.61781355846
448500,609.8929631647239,226398.65063986028
449000,609.8924540289062,226398.6830521196
449500,609.8919513148919,226398.71505555842
450000,609.8914549416845,226398.7466553331
450500,609.8909648292986,226398.77785653557
451000,609.8904808987744,226398.8086641926
451500,609.8900030721306,226398.83908326848
452000,609.8895312723887,226398.86911866386
452500,609.8890654235216,226398.89877521867
453000,609.8886054504719,226398.92805771116
453500,609.8881512791306,226398.95697085923
454000,609.8877028363205,226398.98551932143
454500,609.8872600497745,226399.0137076984
455000,609.8868228481647,226399.04154053092
455500,609.8863911610451,226399.0690223037
456000,609.8859649188522,226399.0961574453
456500,609.885544052914,226399.12295032735
457000,609.8851284954096,226399.14940526753
457500,609.8847181794043,226399.1755265269
458000,609.8843130387696,226399.2013183154
458500,609.8839130082316,226399.22678478833
459000,609.8835180233324,226399.25193004924
459500,609.8831280204396,226399.27675814906
460000,609.8827429367127,226399.30127308826
460500,609.8823627100866,226399.32547881798
461000,609.8819872793272,226399.34937923652
461500,609.8816165839304,226399.3729781956
462000,609.8812505641669,226399.39627949768
462500,609.8808891610532,226399.41928689773
463000,609.8805323163749,226399.44200410176
463500,609.8801799726343,226399.46443477014
464000,609.8798320730541,226399.4865825174
464500,609.8794885615799,226399.50845091202
465000,609.879149382863,226399.53004347757
465500,609.8788144822558,226399.55136369303
466000,609.8784838058004,226399.5724149934
466500,609.8781573002129,226399.59320077076
467000,609.8778349128867,226399.6137243742
467500,609.8775165918801,226399.63398911036
468000,609.8772022858964,226399.65399824484
468500,609.8768919443063,226399.6737550008
469000,609.8765855170976,226399.69326256204
469500,609.8762829549004,226399.71252407157
470000,609.8759842089694,226399.73154263254
470500,609.8756892311588,226399.75032130993
471000,609.8753979739455,226399.76886312923
471500,609.875110390402,226399.78717107786
472000,609.8748264341895,226399.80524810575
472500,609.8745460595601,226399.82309712537
473000,609.8742692213314,226399.84072101302
473500,609.8739958749024,226399.8581226081
474000,609.8737259762371,226399.875304714
474500,609.873459481837,226399.89227009984
475000,609.8731963487696,226399.9090214988
475500,609.8729365346427,226399.92556160968
476000,609.8726799975818,226399.94189309815
476500,609.8724266962663,226399.9580185948
477000,609.8721765898722,226399.97394069852
477500,609.8719296381072,226399.9896619744
478000,609.8716858011769,226400.00518495578
478500,609.8714450397988,226400.02051214344
479000,609.8712073151792,226400.03564600702
479500,609.8709725890192,226400.0505889847
480000,609.8707408234892,226400.06534348478
480500,609.8705119812502,226400.07991188427
481000,609.8702860254372,226400.09429653006
481500,609.8700629196335,226400.10849974054
482000,609.8698426278903,226400.12252380417
482500,609.8696251147238,226400.13637097992
483000,609.8694103450816,226400.1500434993
483500,609.8691982843611,226400.16354356517
484000,609.8689888983896,226400.17687335293
484500,609.8687821534385,226400.19003500987
485000,609.868578016187,226400.2030306572
485500,609.8683764537502,226400.21586238843
486000,609.8681774336508,226400.2285322711
486500,609.8679809238162,226400.24104234698
487000,609.8677868925897,226400.2533946314
487500,609.867595308706,226400.26559111476
488000,609.8674061413024,226400.27763376178
488500,609.8672193598916,226400.28952451333
489000,609.8670349343788,226400.30126528532
489500,609.8668528350535,226400.31285796914
490000,609.8666730325691,226400.32430443302
490500,609.8664954979635,226400.33560652073
491000,609.8663202026275,226400.34676605358
491500,609.8661471183137,226400.3577848299
492000,609.865976217139,226400.3686646246
492500,609.8658074715667,226400.37940719083
493000,609.865640854401,226400.3900142599
493500,609.8654763388045,226400.4004875403
494000,609.8653138982676,226400.41082871967
494500,609.8651535066161,226400.42103946424
495000,609.864995138008,226400.43112141924
495500,609.8648387669257,226400.44107620907
496000,609.8646843681736,226400.45090543776
496500,609.8645319168794,226400.46061068872
497000,609.864381388471,226400.4701935262
497500,609.8642327587011,226400.4796554939
498000,609.8640860036161,226400.48899811663
498500,609.8639410995821,226400.49822289898
499000,609.8637980232347,226400.50733132847
499500,609.863656751529,226400.51632487203
500000,609.8635172617085,226400.52520497845
500500,609.8633795312925,226400.53397307883
501000,609.863243538091,226400.54263058584
501500,609.8631092601884,226400.55117889465
502000,609.8629766759526,226400.5596193824
502500,609.862845764024,226400.56795340887
503000,609.8627165033041,226400.5761823172
503500,609.862588872968,226400.58430743316
504000,609.8624628524537,226400.59233006567
504500,609.8623384214532,226400.6002515077
505000,609.8622155599152,226400.60807303566
505500,609.8620942480508,226400.61579590934
506000,609.8619744663104,226400.6234213733
506500,609.8618561953924,226400.6309506563
507000,609.8617394162445,226400.63838497127
507500,609.8616241100475,226400.64572551622
508000,609.8615102582261,226400.6529734737
508500,609.8613978424327,226400.66013001176
509000,609.861286844557,226400.66719628326
509500,609.8611772467118,226400.674173427
510000,609.8610690312439,226400.6810625668
510500,609.8609621807087,226400.6878648131
511000,609.8608566778956,226400.6945812617
511500,609.8607525058039,226400.70121299478
512000,609.8606496476497,226400.70776108088
512500,609.860548086858,226400.71422657513
513000,609.86044780707,226400.72061051903
513500,609.8603487921223,226400.72691394153
514000,609.8602510260656,226400.73313785795
514500,609.8601544931478,226400.73928327113
515000,609.8600591778157,226400.74535117118
515500,609.8599650647078,226400.75134253607
516000,609.8598721386629,226400.75725833097
516500,609.859780384703,226400.76309950938
517000,609.8596897880464,226400.76886701235
517500,609.8596003340986,226400.7745617689
518000,609.8595120084509,226400.7801846964
518500,609.8594247968681,226400.78573670107
519000,609.8593386852967,226400.79121867754
519500,609.8592536598658,226400.7966315089
520000,609.8591697068704,226400.8019760676
520500,609.859086812786,226400.80725321462
521000,609.8590049642576,226400.81246380016
521500,609.8589241481045,226400.81760866332
522000,609.8588443512889,226400.82268863407
522500,609.8587655609603,226400.8277045306
523000,609.8586877644265,226400.8326571608
523500,609.8586109491494,226400.83754732288
524000,609.8585351027571,226400.8423758045
524500,609.8584602130245,226400.8471433839
525000,609.8583862678882,226400.85185082903
525500,609.8583132554337,226400.8564988984
526000,609.8582411638962,226400.86108834104
526500,609.8581699816555,226400.8656198966
527000,609.8580996972503,226400.87009429475
527500,609.858030299351,226400.87451225676
528000,609.8579617767784,226400.87887449434
528500,609.8578941184927,226400.88318171026
529000,609.8578273135884,226400.8874345988
529500,609.8577613513022,226400.89163384514
530000,609.8576962210096,226400.89578012566
530500,609.8576319122157,226400.89987410852
531000,609.8575684145582,226400.90391645336
531500,609.8575057178017,226400.90790781175
532000,609.8574438118529,226400.91184882633
532500,609.8573826867283,226400.91574013256
533000,609.8573223325863,226400.91958235705
533500,609.8572627397004,226400.92337611897
534000,609.8572038984717,226400.92712202936
534500,609.8571457994079,226400.9308206926
535000,609.8570884331602,226400.93447270375
535500,609.8570317904812,226400.9380786516
536000,609.8569758622443,226400.9416391171
536500,609.8569206394378,226400.94515467397
537000,609.8568661131634,226400.94862588868
537500,609.8568122746453,226400.95205331995
538000,609.8567591151937,226400.95543752093
538500,609.8567066262493,226400.95877903653
539000,609.8566547993543,226400.9620784052
539500,609.8566036261607,226400.96533615835
540000,609.8565530984229,226400.96855282094
540500,609.8565032079979,226400.97172891136
541000,609.8564539468435,226400.97486494159
541500,609.8564053070314,226400.97796141633
542000,609.8563572807202,226400.9810188348
542500,609.8563098601696,226400.98403768975
543000,609.8562630377406,226400.98701846748
543500,609.8562168058924,226400.98996164807
544000,609.8561711571721,226400.992867706
544500,609.8561260842325,226400.9957371089
545000,609.8560815797974,226400.99857032005
545500,609.8560376367047,226401.00136779546
546000,609.8559942478707,226401.004129986
546500,609.8559514063074,226401.00685733653
547000,609.8559091051103,226401.00955028666
547500,609.8558673374672,226401.01220927006
548000,609.8558260966431,226401.01483471546
548500,609.855785375997,226401.01742704565
549000,609.8557451689633,226401.01998667856
549500,609.8557054690665,226401.02251402647
550000,609.8556662699098,226401.0250094966
550500,609.8556275651771,226401.02747349106
551000,609.8555893486325,226401.02990640682
551500,609.8555516141192,226401.03230863585
552000,609.8555143555582,226401.0346805651
552500,609.8554775669452,226401.03702257687
553000,609.8554412423491,226401.0393350486
553500,609.8554053759352,226401.041618352
554000,609.8553699618969,226401.04387285648
554500,609.8553349945417,226401.04609892453
555000,609.855300468236,226401.0482969148
555500,609.8552663774129,226401.0504671817
556000,609.8552327165852,226401.0526100745
556500,609.8551994803257,226401.0547259387
557000,609.855166663279,226401.0568151153
557500,609.8551342601564,226401.0588779409
558000,609.8551022657416,226401.06091474768
558500,609.8550706748797,226401.0629258637
559000,609.8550394824751,226401.06491161342
559500,609.8550086835039,226401.06687231665
560000,609.8549782730039,226401.06880828927
560500,609.8549482460795,226401.070719843
561000,609.854918597887,226401.07260728613
561500,609.854889323652,226401.07447092264
562000,609.854860418654,226401.07631105304
562500,609.8548318782402,226401.0781279735
563000,609.8548036978118,226401.07992197684
563500,609.8547758728253,226401.0816933523
564000,609.8547483988008,226401.083442385
564500,609.8547212713279,226401.08516935573
565000,609.8546944859954,226401.08687454546
565500,609.8546680385142,226401.08855822706
566000,609.8546419246195,226401.09022067214
566500,609.8546161401038,226401.0918621485
567000,609.8545906808113,226401.09348292073
567500,609.854565542641,226401.09508324988
568000,609.854540721536,226401.09666339424
568500,609.8545162135085,226401.09822360767
569000,609.8544920146044,226401.09976414192
569500,609.8544681209257,226401.1012852451
570000,609.8544445286204,226401.10278716244
570500,609.8544212338859,226401.10427013604
571000,609.8543982329735,226401.10573440453
571500,609.8543755221749,226401.107180204
572000,609.8543530978344,226401.10860776715
572500,609.8543309563316,226401.1100173245
573000,609.8543090941025,226401.11140910292
573500,609.8542875076265,226401.1127833265
574000,609.8542661934222,226401.11414021693
574500,609.8542451480595,226401.11547999256
575000,609.8542243681421,226401.11680286957
575500,609.8542038503265,226401.11810906083
576000,609.8541835913057,226401.11939877688
576500,609.8541635878149,226401.12067222557
577000,609.8541438366266,226401.12192961233
577500,609.8541243345671,226401.12317113922
578000,609.8541050784893,226401.1243970066
578500,609.8540860652907,226401.12560741196
579000,609.854067291906,226401.12680255043
579500,609.8540487553148,226401.12798261436
580000,609.854030452525,226401.12914779413
580500,609.8540123805642,226401.13029827908
581000,609.853994536578,226401.13143425083
581500,609.8539769176608,226401.13255589438
582000,609.8539595209729,226401.13366339053
582500,609.8539423437101,226401.1347569178
583000,609.8539253831079,226401.13583665216
583500,609.8539086364319,226401.1369027677
584000,609.853892100985,226401.1379554361
584500,609.8538757741018,226401.13899482708
585000,609.8538596531484,226401.1400211083
585500,609.8538437355357,226401.14103444456
586000,609.8538280186916,226401.14203499962
586500,609.8538125000866,226401.14302293453
587000,609.8537971772198,226401.1439984085
587500,609.8537820476214,226401.14496157874
588000,609.8537671088607,226401.1459126
588500,609.853752358521,226401.14685162614
589000,609.8537377942297,226401.14777880817
589500,609.8537234136395,226401.14869429555
590000,609.8537092144329,226401.14959823582
590500,609.853695194324,226401.15049077448
591000,609.8536813510516,226401.1513720555
591500,609.8536676823873,226401.15224222073
592000,609.8536541861325,226401.15310141016
592500,609.8536408601028,226401.15394976284
593000,609.8536277021564,226401.15478741511
593500,609.8536147101722,226401.155614502
594000,609.853601882058,226401.1564311567
594500,609.8535892157448,226401.15723751095
595000,609.8535767091961,226401.15803369437
595500,609.8535643603957,226401.15881983534
596000,609.853552167352,226401.15959606064
596500,609.8535401281032,226401.1603624951
597000,609.8535282407042,226401.16111926266
597500,609.8535165032431,226401.16186648494
598000,609.8535049138274,226401.1626042825
598500,609.8534934705899,226401.1633327741
599000,609.8534821716859,226401.16405207728
599500,609.8534710152995,226401.16476230757
600000,609.8534599996303,226401.16546357964
600500,609.8534491229049,226401.16615600637
601000,609.8534383833687,226401.16683969944
601500,609.8534277792893,226401.16751476916
602000,609.8534173089608,226401.16818132412
602500,609.8534069706973,226401.16883947165
603000,609.8533967628321,226401.16948931784
603500,609.8533866837191,226401.17013096748
604000,609.8533767317349,226401.17076452397
604500,609.8533669052771,226401.17139008926
605000,609.8533572027624,226401.17200776417
605500,609.8533476226254,226401.17261764835
606000,609.8533381633254,226401.17321983993
606500,609.8533288233366,226401.17381443593
607000,609.8533196011555,226401.1744015322
607500,609.8533104952942,226401.17498122333
608000,609.8533015042794,226401.17555360324
608500,609.8532926266782,226401.17611876308
609000,609.8532838610505,226401.1766767945
609500,609.8532752059847,226401.17722778747
610000,609.853266660086,226401.17777183067
610500,609.8532582219781,226401.17830901174
611000,609.8532498903021,226401.1788394173
611500,609.8532416637148,226401.17936313272
612000,609.8532335408896,226401.1798802425
612500,609.8532255205196,226401.18039082986
613000,609.8532176013116,226401.18089497712
613500,609.8532097819896,226401.1813927655
614000,609.8532020612943,226401.18188427517
614500,609.8531944379794,226401.18236958544
615000,609.8531869108208,226401.1828487743
615500,609.8531794786026,226401.18332191918
616000,609.8531721401279,226401.18378909616
616500,609.8531648942156,226401.18425038052
617000,609.8531577396951,226401.18470584677
617500,609.8531506754166,226401.18515556806
618000,609.8531437002406,226401.185599617
618500,609.8531368130434,226401.18603806506
619000,609.8531300127161,226401.1864709829
619500,609.853123298161,226401.18689844036
620000,609.8531166682982,226401.1873205062
620500,609.8531101220589,226401.18773724843
621000,609.8531036583892,226401.1881487342
621500,609.8530972762449,226401.18855502995
622000,609.8530909745996,226401.18895620102
622500,609.853084752437,226401.1893523121
623000,609.8530786087575,226401.18974342686
623500,609.8530725425676,226401.19012960853
624000,609.8530665528885,226401.19051091943
624500,609.8530606387607,226401.1908874206
625000,609.8530547992295,226401.1912591729
625500,609.8530490333509,226401.19162623637
626000,609.8530433401997,226401.1919886699
626500,609.8530377188587,226401.1923465319
627000,609.8530321684201,226401.19269988014
627500,609.8530266879894,226401.19304877162
628000,609.8530212766813,226401.19339326266
628500,609.8530159336309,226401.1937334083
629000,609.8530106579734,226401.19406926364
629500,609.8530054488571,226401.19440088287
630000,609.8530003054433,226401.1947283194
630500,609.8529952269034,226401.19505162595
631000,609.8529902124195,226401.19537085464
631500,609.8529852611854,226401.19568605674
632000,609.8529803724014,226401.19599728318
632500,609.8529755452822,226401.19630458398
633000,609.8529707790462,226401.19660800885
633500,609.8529660729279,226401.1969076066
634000,609.852961426169,226401.1972034254
634500,609.852956838021,226401.19749551296
635000,609.852952307742,226401.19778391652
635500,609.8529478346043,226401.19806868237
636000,609.8529434178892,226401.19834985628
636500,609.8529390568817,226401.1986274838
637000,609.8529347508809,226401.19890160952
637500,609.8529304991915,226401.19917227767
638000,609.8529263011294,226401.19943953183
638500,609.8529221560165,226401.19970341522
639000,609.8529180631889,226401.19996397002
639500,609.8529140219838,226401.2002212385
640000,609.8529100317486,226401.20047526213
640500,609.852906091845,226401.20072608162
641000,609.8529022016355,226401.2009737375
641500,609.8528983604966,226401.20121826947
642000,609.8528945678055,226401.2014597172
642500,609.8528908229513,226401.20169811958
643000,609.8528871253314,226401.20193351494
643500,609.8528834743496,226401.20216594127
644000,609.8528798694222,226401.2023954357
644500,609.8528763099605,226401.20262203575
645000,609.8528727953955,226401.20284577762
645500,609.8528693251606,226401.20306669737
646000,609.8528658986944,226401.20328483073
646500,609.8528625154471,226401.20350021272
647000,609.8528591748727,226401.2037128781
647500,609.8528558764335,226401.2039228611
648000,609.8528526195983,226401.20413019555
648500,609.8528494038421,226401.20433491483
649000,609.8528462286467,226401.20453705196
649500,609.8528430935016,226401.20473663945
650000,609.8528399979002,226401.20493370952
650500,609.852836941344,226401.20512829395
651000,609.8528339233408,226401.20532042402
651500,609.8528309434055,226401.20551013062
652000,609.8528280010541,226401.20569744462
652500,609.8528250958154,226401.20588239594
653000,609.8528222272207,226401.20606501447
653500,609.8528193948084,226401.20624532958
654000,609.8528165981222,226401.20642337034
654500,609.8528138367112,226401.2065991654
655000,609.8528111101306,226401.20677274314
655500,609.8528084179394,226401.20694413158
656000,609.8528057597051,226401.2071133583
656500,609.8528031350002,226401.20728045047
657000,609.8528005434019,226401.20744543505
657500,609.8527979844908,226401.2076083387
658000,609.8527954578566,226401.2077691876
658500,609.85279296309,226401.20792800773
659000,609.8527904997918,226401.20808482455
659500,609.8527880675624,226401.20823966348
660000,609.8527856660098,226401.2083925495
660500,609.852783294749,226401.2085435071
661000,609.8527809533982,226401.20869256058
661500,609.8527786415783,226401.2088397341
662000,609.8527763589175,226401.20898505131
662500,609.8527741050531,226401.2091285353
663000,609.8527718796137,226401.2092702097
663500,609.8527696822434,226401.2094100972
664000,609.8527675125887,226401.2095482203
664500,609.8527653702995,226401.20968460126
665000,609.8527632550308,226401.20981926206
665500,609.8527611664446,226401.20995222422
666000,609.8527591042005,226401.21008350942
666500,609.8527570679681,226401.21021313866
667000,609.8527550574182,226401.21034113292
667500,609.852753072229,226401.2104675127
668000,609.8527511120781,226401.21059229848
668500,609.8527491766522,226401.21071551027
669000,609.8527472656383,226401.21083716792
669500,609.8527453787254,226401.2109572913
670000,609.8527435156149,226401.21107589937
670500,609.8527416760039,226401.21119301143
671000,609.8527398595957,226401.2113086464
671500,609.8527380660921,226401.21142282322
672000,609.8527362952161,226401.2115355595
672500,609.8527345466767,226401.21164687382
673000,609.8527328201926,226401.2117567841
673500,609.8527311154842,226401.2118653081
674000,609.8527294322785,226401.21197246318
674500,609.8527277703017,226401.21207826684
675000,609.852726129289,226401.21218273588
675500,609.852724508973,226401.21228588733
676000,609.8527229090952,226401.21238773767
676500,609.8527213293963,226401.21248830337
677000,609.8527197696226,226401.21258760066
677500,609.8527182295231,226401.2126856454
678000,609.8527167088492,226401.21278245354
678500,609.8527152073569,226401.2128780405
679000,609.852713724801,226401.21297242198
679500,609.8527122609455,226401.21306561297
680000,609.8527108155533,226401.21315762852
680500,609.8527093883928,226401.21324848346
681000,609.8527079792322,226401.2133381925
681500,609.8527065878449,226401.21342677006
682000,609.8527052140084,226401.21351423027
682500,609.8527038575011,226401.21360058733
683000,609.8527025181025,226401.21368585524
683500,609.8527011955982,226401.2137700476
684000,609.8526998897748,226401.21385317805
684500,609.852698600418,226401.2139352602
685000,609.8526973273283,226401.21401630677
685500,609.8526960702966,226401.21409633107
686000,609.8526948291208,226401.214175346
686500,609.8526936035997,226401.21425336425
687000,609.8526923935354,226401.21433039854
687500,609.8526911987357,226401.21440646108
688000,609.8526900190044,226401.21448156433
688500,609.8526888541546,226401.21455572022
689000,609.8526877039956,226401.21462894086
689500,609.8526865683452,226401.21470123786
690000,609.8526854470178,226401.21477262306
690500,609.852684339834,226401.21484310782
691000,609.8526832466159,226401.21491270352
691500,609.8526821671865,226401.21498142145
692000,609.8526811013712,226401.21504927264
692500,609.852680049,226401.215116268
693000,609.8526790099021,226401.21518241832
693500,609.852677983911,226401.21524773428
694000,609.8526769708607,226401.2153122264
694500,609.8526759705887,226401.21537590504
695000,609.8526749829326,226401.21543878055
695500,609.8526740077334,226401.215500863
696000,609.852673044835,226401.2155621624
696500,609.8526720940823,226401.21562268856
697000,609.8526711553211,226401.21568245135
697500,609.8526702284004,226401.21574146036
698000,609.8526693131708,226401.2157997251
698500,609.8526684094826,226401.21585725507
699000,609.8526675171961,226401.2159140592
699500,609.8526666361632,226401.2159701469
700000,609.8526657662442,226401.21602552713
700500,609.8526649072974,226401.2160802088
701000,609.8526640591834,226401.21613420086
701500,609.852663221767,226401.2161875119
702000,609.8526623949128,226401.21624015053
702500,609.852661578486,226401.21629212532
703000,609.8526607723593,226401.21634344442
703500,609.8526599764001,226401.21639411623
704000,609.8526591904806,226401.21644414891
704500,609.852658414474,226401.2164935505
705000,609.8526576482566,226401.21654232894
705500,609.8526568917013,226401.21659049226
706000,609.8526561446909,226401.21663804792
706500,609.8526554071005,226401.2166850039
707000,609.8526546788145,226401.21673136755
707500,609.8526539597146,226401.2167771464
708000,609.8526532496841,226401.2168223479
708500,609.8526525486095,226401.21686697923
709000,609.8526518563779,226401.21691104758
709500,609.8526511728776,226401.2169545601
710000,609.8526504979991,226401.2169975238
710500,609.8526498316326,226401.21703994556
711000,609.8526491736708,226401.21708183226
711500,609.8526485240083,226401.21712319064
712000,609.8526478825355,226401.21716402768
712500,609.8526472491582,226401.2172043493
713000,609.8526466237693,226401.2172441624
713500,609.8526460062678,226401.21728347332
714000,609.8526453965555,226401.21732228843
714500,609.8526447945327,226401.21736061398
715000,609.8526442001045,226401.21739845606
715500,609.8526436131738,226401.21743582087
716000,609.8526430336452,226401.2174727144
716500,609.8526424614275,226401.2175091426
717000,609.8526418964287,226401.2175451111
717500,609.8526413385533,226401.2175806262
718000,609.8526407877159,226401.21761569328
718500,609.8526402438267,226401.21765031794
719000,609.8526397067981,226401.21768450594
719500,609.852639176543,226401.21771826263
720000,609.8526386529749,226401.21775159368
720500,609.8526381360102,226401.21778450432
721000,609.8526376255669,226401.21781699982
721500,609.8526371215623,226401.21784908543
722000,609.852636623914,226401.21788076637
722500,609.8526361325431,226401.2179120477
723000,609.85263564737,226401.21794293445
723500,609.8526351683155,226401.21797343175
724000,609.8526346953057,226401.2180035441
724500,609.8526342282603,226401.21803327685
725000,609.8526337671065,226401.21806263455
725500,609.8526333117682,226401.21809162197
726000,609.8526328621749,226401.21812024366
726500,609.8526324182527,226401.21814850435
727000,609.8526319799274,226401.2181764087
727500,609.8526315471316,226401.21820396106
728000,609.8526311197932,226401.218231166
728500,609.8526306978465,226401.21825802766
729000,609.852630281222,226401.21828455053
729500,609.8526298698501,226401.218310739
730000,609.8526294636688,226401.21833659708
730500,609.8526290626103,226401.21836212897
731000,609.852628666611,226401.21838733883
731500,609.8526282756078,226401.2184122306
732000,609.8526278895347,226401.2184368085
732500,609.8526275083318,226401.21846107638
733000,609.8526271319369,226401.21848503817
733500,609.8526267602895,226401.21850869778
734000,609.8526263933298,226401.21853205888
734500,609.852626030999,226401.21855512535
735000,609.8526256732372,226401.21857790093
735500,609.8526253199885,226401.21860038926
736000,609.8526249711961,226401.2186225938
736500,609.8526246268029,226401.21864451832
737000,609.8526242867523,226401.2186661664
737500,609.8526239509916,226401.2186875414
738000,609.8526236194665,226401.2187086467
738500,609.8526232921221,226401.21872948587
739000,609.8526229689076,226401.21875006214
739500,609.8526226497685,226401.21877037894
740000,609.852622334656,226401.21879043945
740500,609.8526220235161,226401.21881024705
741000,609.8526217163022,226401.21882980468
741500,609.8526214129639,226401.2188491156
742000,609.8526211134504,226401.218868183
742500,609.852620817714,226401.21888701
743000,609.852620525708,226401.21890559944
743500,609.8526202373862,226401.21892395438
744000,609.8526199527013,226401.21894207786
744500,609.8526196716082,226401.21895997258
745000,609.8526193940585,226401.2189776418
745500,609.8526191200089,226401.2189950881
746000,609.852618849417,226401.21901231434
746500,609.8526185822383,226401.2190293233
747000,609.852618318431,226401.21904611765
747500,609.8526180579487,226401.21906270026
748000,609.8526178007543,226401.2190790736
748500,609.8526175468025,226401.21909524052
749000,609.8526172960528,226401.21911120357
749500,609.8526170484657,226401.21912696527
750000,609.8526168040041,226401.21914252808
750500,609.8526165626239,226401.2191578946
751000,609.8526163242904,226401.21917306725
751500,609.8526160889621,226401.21918804856
752000,609.8526158566017,226401.21920284093
752500,609.8526156271705,226401.2192174468
753000,609.8526154006355,226401.21923186837
753500,609.8526151769556,226401.21924610808
754000,609.8526149560996,226401.2192601681
754500,609.8526147380279,226401.21927405082
755000,609.8526145227056,226401.21928775852
755500,609.8526143100996,226401.21930129328
756000,609.8526141001757,226401.21931465738
756500,609.852613892901,226401.2193278527
757000,609.8526136882396,226401.21934088177
757500,609.8526134861582,226401.2193537465
758000,609.8526132866269,226401.2193664489
758500,609.8526130896125,226401.2193789911
759000,609.8526128950843,226401.21939137508
759500,609.852612703009,226401.21940360282
760000,609.8526125133537,226401.21941567652
760500,609.8526123260947,226401.21942759768
761000,609.8526121411958,226401.2194393686
761500,609.8526119586284,226401.2194509911
762000,609.852611778364,226401.21946246698
762500,609.8526116003743,226401.21947379803
763000,609.8526114246291,226401.21948498618
763500,609.8526112510981,226401.21949603336
764000,609.8526110797595,226401.21950694104
764500,609.8526109105791,226401.21951771126
765000,609.8526107435365,226401.21952834542
765500,609.8526105785987,226401.2195388456
766000,609.8526104157409,226401.21954921333
766500,609.8526102549365,226401.21955945034
767000,609.8526100961606,226401.21956955822
767500,609.852609939386,226401.21957953877
768000,609.8526097845934,226401.21958939303
768500,609.8526096317472,226401.21959912337
769000,609.8526094808354,226401.21960873064
769500,609.8526093318244,226401.2196182169
770000,609.852609184691,226401.21962758363
770500,609.8526090394142,226401.21963683216
771000,609.8526088959699,226401.219645964
771500,609.8526087543361,226401.21965498058
772000,609.8526086144894,226401.21966388338
772500,609.8526084764036,226401.21967267408
773000,609.8526083400609,226401.2196813539
773500,609.852608205438,226401.21968992412
774000,609.8526080725137,226401.2196983863
774500,609.8526079412633,226401.2197067419
775000,609.852607811671,226401.21971499184
775500,609.8526076837142,226401.21972313774
776000,609.8526075573699,226401.219731181
776500,609.8526074326192,226401.21973912278
777000,609.8526073094405,226401.21974696452
777500,609.8526071878201,226401.21975470707
778000,609.8526070677309,226401.21976235206
778500,609.8526069491527,226401.2197699009
779000,609.8526068320782,226401.21977735404
779500,609.8526067164728,226401.21978471367
780000,609.8526066023311,226401.21979198002
780500,609.8526064896276,226401.2197991549
781000,609.8526063783444,226401.21980623936
781500,609.8526062684641,226401.2198132345
782000,609.8526061599702,226401.21982014136
782500,609.8526060528459,226401.21982696102
783000,609.8526059470729,226401.21983369466
783500,609.8526058426338,226401.21984034337
784000,609.8526057395095,226401.21984690838
784500,609.8526056376871,226401.2198533906
785000,609.8526055371519,226401.21985979076
785500,609.8526054378785,226401.21986611068
786000,609.8526053398642,226401.21987235034
786500,609.8526052430826,226401.21987851162
787000,609.8526051475197,226401.21988459522
787500,609.8526050531681,226401.2198906018
788000,609.8526049600043,226401.21989653274
788500,609.8526048680152,226401.2199023889
789000,609.8526047771854,226401.21990817125
789500,609.8526046875021,226401.2199138806
790000,609.8526045989503,226401.21991951793
790500,609.8526045115145,226401.21992508418
791000,609.8526044251796,226401.21993058035
791500,609.8526043399347,226401.21993600723
792000,609.8526042557698,226401.21994136524
792500,609.8526041726606,226401.21994665606
793000,609.8526040906028,226401.21995188002
793500,609.8526040095793,226401.21995703803
794000,609.8526039295781,226401.21996213106
794500,609.8526038505825,226401.21996715997
795000,609.8526037725908,226401.21997212505
795500,609.8526036955773,226401.21997702785
796000,609.852603619532,226401.219981869
796500,609.85260354445,226401.21998664876
797000,609.8526034703173,226401.21999136815
797500,609.8526033971186,226401.21999602809
798000,609.8526033248424,226401.22000062928
798500,609.8526032534763,226401.22000517254
799000,609.85260318301,226401.22000965851
799500,609.8526031134306,226401.22001408803
800000,609.8526030447355,226401.22001846132
800500,609.8526029769068,226401.22002277937
801000,609.85260290993,226401.22002704316
801500,609.8526028437923,226401.2200312536
802000,609.8526027785018,226401.22003541008
802500,609.8526027140256,226401.22003951468
803000,609.8526026503655,226401.22004356742
803500,609.8526025875071,226401.22004756902
804000,609.8526025254433,226401.22005152013
804500,609.8526024641565,226401.22005542167
805000,609.8526024036529,226401.22005927344
805500,609.8526023439049,226401.2200630771
806000,609.8526022849079,226401.22006683287
806500,609.8526022266652,226401.2200705407
807000,609.8526021691536,226401.220074202
807500,609.8526021123654,226401.2200778172
808000,609.8526020562919,226401.22008138694
808500,609.8526020009259,226401.22008491162
809000,609.8526019462587,226401.2200883918
809500,609.8526018922819,226401.22009182803
810000,609.8526018389867,226401.22009522087
810500,609.8526017863645,226401.22009857086
811000,609.852601734406,226401.2201018786
811500,609.8526016831022,226401.22010514466
812000,609.8526016324428,226401.2201083697
812500,609.8526015824183,226401.22011155428
813000,609.8526015330355,226401.22011469814
813500,609.8526014842745,226401.2201178023
814000,609.8526014361203,226401.22012086783
814500,609.8526013885781,226401.22012389448
815000,609.8526013416393,226401.22012688263
815500,609.8526012952782,226401.22012983405
816000,609.8526012495228,226401.2201327469
816500,609.8526012043243,226401.22013562426
817000,609.8526011597147,226401.2201384642
817500,609.8526011156481,226401.2201412696
818000,609.8526010721577,226401.22014403818
818500,609.8526010292034,226401.22014677274
819000,609.8526009867902,226401.22014947276
819500,609.852600944922,226401.22015213818
820000,609.8526009035726,226401.22015477056
820500,609.852600862739,226401.22015737003
821000,609.8526008224371,226401.2201599357
821500,609.8526007826384,226401.22016246937
822000,609.8526007433375,226401.22016497134
822500,609.8526007045298,226401.2201674419
823000,609.8526006662102,226401.2201698814
823500,609.852600628377,226401.22017228982
824000,609.8526005910265,226401.2201746676
824500,609.8526005541457,226401.2201770155
825000,609.8526005177288,226401.22017933385
825500,609.8526004817703,226401.220181623
826000,609.852600446264,226401.2201838834
826500,609.8526004112047,226401.2201861153
827000,609.8526003765857,226401.2201883192
827500,609.852600342411,226401.22019049487
828000,609.8526003086693,226401.2201926429
828500,609.8526002753516,226401.22019476394
829000,609.8526002424513,226401.2201968584
829500,609.8526002099615,226401.22019892672
830000,609.8526001778755,226401.22020096934
830500,609.8526001462104,226401.22020298525
831000,609.8526001149444,226401.22020497566
831500,609.8526000840628,226401.2202069416
832000,609.8526000535645,226401.22020888323
832500,609.8526000234732,226401.22021079884
833000,609.8525999937464,226401.22021269126
833500,609.852599964389,226401.22021456025
834000,609.8525999354215,226401.22021640433
834500,609.8525999067963,226401.2202182266
835000,609.8525998785528,226401.22022002467
835500,609.8525998506532,226401.22022180076
836000,609.8525998231097,226401.22022355426
836500,609.8525997959135,226401.22022528556
837000,609.8525997690589,226401.2202269952
837500,609.8525997425429,226401.2202286832
838000,609.8525997163654,226401.22023034975
838500,609.8525996905058,226401.22023199595
839000,609.8525996649929,226401.22023362017
839500,609.8525996397749,226401.22023522563
840000,609.8525996149026,226401.22023680896
840500,609.8525995903319,226401.2202383732
841000,609.8525995660548,226401.22023991865
841500,609.8525995421172,226401.22024144258
842000,609.8525995184639,226401.22024294842
842500,609.8525994950926,226401.2202444363
843000,609.8525994720467,226401.22024590336
843500,609.8525994492834,226401.22024735252
844000,609.8525994267953,226401.22024878417
844500,609.8525994045806,226401.22025019838
845000,609.8525993826773,226401.22025159272
845500,609.8525993610426,226401.22025297003
846000,609.8525993396736,226401.22025433043
846500,609.8525993185682,226401.22025567404
847000,609.8525992977239,226401.22025700103
847500,609.8525992771539,226401.22025831047
848000,609.8525992568522,226401.2202596029
848500,609.8525992368034,226401.22026087926
849000,609.8525992170046,226401.2202621397
849500,609.8525991974534,226401.22026338434
850000,609.8525991781474,226401.2202646134
850500,609.8525991590845,226401.22026582697
851000,609.8525991402618,226401.22026702526
851500,609.8525991216766,226401.22026820842
852000,609.8525991033259,226401.22026937664
852500,609.8525990852075,226401.2202705301
853000,609.8525990673181,226401.22027166895
853500,609.852599049655,226401.2202727934
854000,609.8525990322155,226401.22027390363
854500,609.8525990149958,226401.22027499985
855000,609.8525989979933,226401.22027608225
855500,609.8525989812046,226401.22027715103
856000,609.8525989646263,226401.22027820643
856500,609.8525989482549,226401.22027924864
857000,609.8525989320872,226401.2202802779
857500,609.8525989161195,226401.2202812944
858000,609.8525989003488,226401.22028229843
858500,609.8525988848056,226401.22028328796
859000,609.8525988694552,226401.22028426517
859500,609.852598854293,226401.2202852304
860000,609.852598839315,226401.2202861839
860500,609.8525988245171,226401.22028712594
861000,609.8525988098949,226401.2202880568
861500,609.8525987954954,226401.22028897356
862000,609.8525987812731,226401.22028987895
862500,609.8525987672176,226401.22029077372
863000,609.852598753324,226401.2202916582
863500,609.8525987396101,226401.2202925313
864000,609.8525987261019,226401.22029339123
864500,609.8525987127458,226401.22029424147
865000,609.8525986995364,226401.22029508237
865500,609.8525986865084,226401.22029591183
866000,609.8525986736688,226401.22029672918
866500,609.8525986609646,226401.22029753792
867000,609.8525986483936,226401.22029833827
867500,609.8525986360478,226401.2202991242
868000,609.8525986238254,226401.22029990226
868500,609.8525986117205,226401.22030067284
869000,609.8525985998352,226401.22030142954
869500,609.85259858807,226401.2203021785
870000,609.8525985764132,226401.22030292064
870500,609.8525985649803,226401.22030364844
871000,609.8525985536447,226401.22030437004
871500,609.852598542445,226401.2203050831
872000,609.8525985314277,226401.22030578443
872500,609.852598520492,226401.22030648057
873000,609.8525985097494,226401.2203071645
873500,609.8525984991165,226401.22030784137
874000,609.8525984886026,226401.22030851076
874500,609.852598478264,226401.2203091689
875000,609.8525984679823,226401.2203098234
875500,609.8525984579253,226401.2203104637
876000,609.85259844792,226401.2203111006
876500,609.8525984380917,226401.22031172633
877000,609.8525984283534,226401.22031234624
877500,609.8525984187538,226401.22031295742
878000,609.8525984092722,226401.22031356097
878500,609.8525983999011,226401.2203141576
879000,609.8525983906661,226401.22031474547
879500,609.8525983815235,226401.22031532755
880000,609.8525983725244,226401.2203159004
880500,609.8525983636104,226401.22031646792
881000,609.8525983548352,226401.2203170265
881500,609.8525983461498,226401.2203175795
882000,609.8525983375862,226401.2203181246
882500,609.8525983291294,226401.22031866302
883000,609.8525983207647,226401.22031919548
883500,609.8525983125364,226401.22031971934
884000,609.8525983043573,226401.22032023998
884500,609.8525982963575,226401.2203207493
885000,609.8525982883579,226401.22032125862
885500,609.8525982805787,226401.2203217538
886000,609.8525982728075,226401.22032224856
886500,609.8525982651844,226401.2203227338
887000,609.8525982576417,226401.22032321402
887500,609.8525982501588,226401.22032369033
888000,609.8525982428449,226401.220324156
888500,609.8525982355308,226401.22032462165
889000,609.8525982283994,226401.22032507558
889500,609.852598221314,226401.2203255267
890000,609.8525982142874,226401.22032597396
890500,609.8525982074304,226401.22032641052
891000,609.8525982005734,226401.22032684708
891500,609.8525981938608,226401.22032727435
892000,609.8525981872325,226401.22032769636
892500,609.8525981806041,226401.22032811836
893000,609.852598174185,226401.22032852695
893500,609.8525981677852,226401.2203289344
894000,609.8525981614087,226401.22032934029
894500,609.8525981552374,226401.2203297332
895000,609.8525981490661,226401.2203301261
895500,609.8525981429368,226401.22033051623
896000,609.8525981369942,226401.22033089458
896500,609.8525981310515,226401.22033127293
897000,609.8525981251439,226401.22033164895
897500,609.8525981194298,226401.22033201274
898000,609.8525981137157,226401.22033237654
898500,609.8525981080022,226401.22033274022
899000,609.8525981025164,226401.22033308947
899500,609.8525980970309,226401.22033343872
900000,609.8525980915452,226401.22033378796
900500,609.8525980862241,226401.22033412664
901000,609.8525980809671,226401.22033446134
901500,609.8525980757103,226401.22033479603
902000,609.8525980705203,226401.22033512636
902500,609.8525980654919,226401.2203354465
903000,609.8525980604635,226401.22033576664
903500,609.8525980554351,226401.2203360868
904000,609.8525980505697,226401.22033639645
904500,609.8525980457699,226401.22033670204
905000,609.8525980409701,226401.22033700763
905500,609.8525980361702,226401.22033731322
906000,609.8525980315901,226401.22033760473
906500,609.8525980270189,226401.22033789576
907000,609.8525980224475,226401.2203381868
907500,609.8525980178812,226401.22033847743
908000,609.8525980135385,226401.22033875392
908500,609.8525980091957,226401.2203390304
909000,609.852598004853,226401.2203393069
909500,609.8525980005103,226401.22033958338
910000,609.8525979963676,226401.22033984703
910500,609.8525979922534,226401.22034010896
911000,609.8525979881393,226401.2203403709
911500,609.8525979840251,226401.22034063283
912000,609.8525979800252,226401.2203408874
912500,609.8525979761396,226401.2203411348
913000,609.852597972254,226401.22034138217
913500,609.8525979683684,226401.22034162955
914000,609.8525979644828,226401.22034187693
914500,609.852597960795,226401.22034211163
915000,609.852597957138,226401.22034234446
915500,609.8525979534809,226401.2203425773
916000,609.8525979498239,226401.22034281012
916500,609.852597946167,226401.22034304295
917000,609.8525979427251,226401.220343262
917500,609.8525979392966,226401.22034348027
918000,609.8525979358682,226401.22034369854
918500,609.8525979324396,226401.22034391682
919000,609.8525979290113,226401.2203441351
919500,609.8525979257403,226401.22034434325
920000,609.8525979225404,226401.22034454698
920500,609.8525979193405,226401.2203447507
921000,609.8525979161406,226401.22034495443
921500,609.8525979129408,226401.22034515816
922000,609.8525979097549,226401.2203453609
922500,609.8525979067836,226401.22034555007
923000,609.8525979038122,226401.22034573925
923500,609.8525979008409,226401.22034592842
924000,609.8525978978695,226401.2203461176
924500,609.8525978948982,226401.22034630677
925000,609.8525978919275,226401.22034649583
925500,609.8525978891844,226401.22034667045
926000,609.8525978864417,226401.22034684508
926500,609.8525978836989,226401.2203470197
927000,609.8525978809561,226401.22034719432
927500,609.8525978782134,226401.22034736894
928000,609.8525978754706,226401.22034754357
928500,609.8525978728278,226401.22034771173
929000,609.8525978703136,226401.2203478718
929500,609.8525978677993,226401.22034803187
930000,609.8525978652851,226401.22034819194
930500,609.852597862771,226401.220348352
931000,609.8525978602568,226401.22034851208
931500,609.8525978577426,226401.22034867216
932000,609.8525978552913,226401.22034882812
932500,609.8525978530057,226401.22034897364
933000,609.8525978507199,226401.22034911916
933500,609.8525978484344,226401.22034926468
934000,609.8525978461487,226401.2203494102
934500,609.8525978438631,226401.22034955572
935000,609.8525978415774,226401.22034970124
935500,609.8525978392918,226401.22034984676
936000,609.8525978370969,226401.2203499864
936500,609.8525978350399,226401.22035011736
937000,609.8525978329828,226401.22035024833
937500,609.8525978309258,226401.2203503793
938000,609.8525978288686,226401.22035051027
938500,609.8525978268116,226401.22035064123
939000,609.8525978247545,226401.2203507722
939500,609.8525978226975,226401.22035090317
940000,609.8525978206404,226401.22035103414
940500,609.8525978187304,226401.22035115564
941000,609.8525978169018,226401.22035127206
941500,609.8525978150733,226401.22035138847
942000,609.8525978132449,226401.2203515049
942500,609.8525978114163,226401.2203516213
943000,609.8525978095878,226401.22035173772
943500,609.8525978077594,226401.22035185414
944000,609.8525978059308,226401.22035197055
944500,609.8525978041023,226401.22035208697
945000,609.8525978022737,226401.22035220338
945500,609.852597800627,226401.22035230813
946000,609.8525977990271,226401.22035241
946500,609.8525977974272,226401.22035251185
947000,609.8525977958273,226401.22035261372
947500,609.8525977942272,226401.22035271558
948000,609.8525977926273,226401.22035281744
948500,609.8525977910274,226401.2203529193
949000,609.8525977894274,226401.22035302117
949500,609.8525977878274,226401.22035312303
950000,609.8525977862274,226401.2203532249
950500,609.8525977846275,226401.22035332676
951000,609.8525977831513,226401.22035342065
951500,609.85259778178,226401.22035350796
952000,609.8525977804086,226401.22035359527
952500,609.8525977790372,226401.22035368258
953000,609.8525977776658,226401.2203537699
953500,609.8525977762944,226401.2203538572
954000,609.8525977749231,226401.22035394452
954500,609.8525977735517,226401.22035403183
955000,609.8525977721803,226401.22035411914
955500,609.8525977708089,226401.22035420645
956000,609.8525977694375,226401.22035429376
956500,609.8525977680661,226401.22035438108
957000,609.8525977666948,226401.2203544684
957500,609.8525977654169,226401.22035454964
958000,609.8525977642742,226401.2203546224
958500,609.8525977631313,226401.22035469516
959000,609.8525977619885,226401.22035476792
959500,609.8525977608456,226401.22035484068
960000,609.8525977597028,226401.22035491344
960500,609.8525977585599,226401.2203549862
961000,609.8525977574171,226401.22035505896
961500,609.8525977562743,226401.22035513172
962000,609.8525977551316,226401.22035520448
962500,609.8525977539887,226401.22035527724
963000,609.8525977528459,226401.22035535
963500,609.8525977517031,226401.22035542276
964000,609.8525977505602,226401.22035549552
964500,609.8525977494174,226401.22035556828
965000,609.8525977482745,226401.22035564104
965500,609.8525977472816,226401.22035570416
966000,609.8525977463673,226401.22035576237
966500,609.8525977454531,226401.22035582058
967000,609.8525977445388,226401.2203558788
967500,609.8525977436245,226401.220355937
968000,609.8525977427103,226401.2203559952
968500,609.8525977417961,226401.2203560534
969000,609.8525977408818,226401.22035611162
969500,609.8525977399676,226401.22035616983
970000,609.8525977390533,226401.22035622803
970500,609.8525977381389,226401.22035628624
971000,609.8525977372248,226401.22035634445
971500,609.8525977363105,226401.22035640266
972000,609.8525977353963,226401.22035646086
972500,609.8525977344821,226401.22035651907
973000,609.8525977335678,226401.22035657728
973500,609.8525977326535,226401.2203566355
974000,609.8525977317393,226401.2203566937
974500,609.852597730825,226401.2203567519
975000,609.8525977299107,226401.2203568101
975500,609.8525977292156,226401.22035685426
976000,609.8525977285301,226401.22035689792
976500,609.8525977278443,226401.22035694157
977000,609.8525977271587,226401.22035698523
977500,609.8525977264729,226401.22035702888
978000,609.8525977257873,226401.22035707254
978500,609.8525977251015,226401.2203571162
979000,609.8525977244159,226401.22035715985
979500,609.8525977237302,226401.2203572035
980000,609.8525977230445,226401.22035724716
980500,609.8525977223588,226401.22035729082
981000,609.8525977216731,226401.22035733447
981500,609.8525977209874,226401.22035737813
982000,609.8525977203018,226401.2203574218
982500,609.852597719616,226401.22035746544
983000,609.8525977189304,226401.2203575091
983500,609.8525977182447,226401.22035755275
984000,609.852597717559,226401.2203575964
984500,609.8525977168732,226401.22035764006
985000,609.8525977161876,226401.22035768372
985500,609.8525977155018,226401.22035772738
986000,609.8525977148162,226401.22035777103
986500,609.8525977141305,226401.2203578147
987000,609.8525977134449,226401.22035785834
987500,609.8525977127591,226401.220357902
988000,609.8525977120735,226401.22035794565
988500,609.8525977115471,226401.22035797907
989000,609.85259771109,226401.22035800817
989500,609.852597710633,226401.22035803727
990000,609.8525977101757,226401.22035806638
990500,609.8525977097187,226401.22035809548
991000,609.8525977092615,226401.22035812458
991500,609.8525977088043,226401.2203581537
992000,609.8525977083472,226401.2203581828
992500,609.8525977078901,226401.2203582119
993000,609.852597707433,226401.220358241
993500,609.8525977069759,226401.2203582701
994000,609.8525977065187,226401.2203582992
994500,609.8525977060616,226401.2203583283
995000,609.8525977056045,226401.22035835742
995500,609.8525977051473,226401.22035838652
996000,609.8525977046902,226401.22035841562
996500,609.8525977042331,226401.22035844473
997000,609.852597703776,226401.22035847383
997500,609.8525977033189,226401.22035850293
998000,609.8525977028617,226401.22035853204
998500,609.8525977024046,226401.22035856114
999000,609.8525977019475,226401.22035859025
999500,609.8525977014904,226401.22035861935
1000000,609.8525977010332,226401.22035864845
1000500,609.8525977005761,226401.22035867756
1001000,609.852597700119,226401.22035870666
1001500,609.8525976996618,226401.22035873577
1002000,609.8525976992046,226401.22035876487
1002500,609.8525976987476,226401.22035879397
1003000,609.8525976982904,226401.22035882308
1003500,609.8525976978333,226401.22035885218
1004000,609.8525976973762,226401.22035888128
1004500,609.852597696919,226401.2203589104
1005000,609.8525976964619,226401.2203589395
1005500,609.8525976960049,226401.2203589686
1006000,609.8525976955476,226401.2203589977
1006500,609.8525976950906,226401.2203590268
1007000,609.8525976946335,226401.2203590559
1007500,609.8525976941763,226401.220359085
1008000,609.8525976937889,226401.22035910957
1008500,609.8525976935604,226401.22035912413
1009000,609.8525976933319,226401.22035913868
1009500,609.8525976931032,226401.22035915323
1010000,609.8525976928747,226401.22035916778
1010500,609.8525976926461,226401.22035918233
1011000,609.8525976924176,226401.2203591969
1011500,609.852597692189,226401.22035921144
1012000,609.8525976919605,226401.220359226
1012500,609.8525976917318,226401.22035924054
1013000,609.8525976915033,226401.2203592551
1013500,609.8525976912747,226401.22035926965
1014000,609.8525976910462,226401.2203592842
1014500,609.8525976908176,226401.22035929875
1015000,609.8525976905889,226401.2203593133
1015500,609.8525976903605,226401.22035932785
1016000,609.8525976901319,226401.2203593424
1016500,609.8525976899034,226401.22035935696
1017000,609.8525976896748,226401.2203593715
1017500,609.8525976894463,226401.22035938606
1018000,609.8525976892176,226401.2203594006
1018500,609.8525976889891,226401.22035941517
1019000,609.8525976887605,226401.22035942972
1019500,609.8525976885319,226401.22035944427
1020000,609.8525976883034,226401.22035945882
1020500,609.8525976880749,226401.22035947337
1021000,609.8525976878462,226401.22035948792
1021500,609.8525976876177,226401.22035950248
1022000,609.8525976873891,226401.22035951703
1022500,609.8525976871606,226401.22035953158
1023000,609.8525976869321,226401.22035954613
1023500,609.8525976867035,226401.22035956068
1024000,609.852597686475,226401.22035957524
1024500,609.8525976862463,226401.2203595898
1025000,609.8525976860177,226401.22035960434
1025500,609.8525976857892,226401.2203596189
1026000,609.8525976855607,226401.22035963344
1026500,609.8525976853321,226401.220359648
1027000,609.8525976851035,226401.22035966255
1027500,609.8525976848749,226401.2203596771
1028000,609.8525976846463,226401.22035969165
1028500,609.8525976844178,226401.2203597062
1029000,609.8525976841892,226401.22035972076
1029500,609.8525976839607,226401.2203597353
1030000,609.8525976837321,226401.22035974986
1030500,609.8525976835035,226401.2203597644
1031000,609.852597683275,226401.22035977896
1031500,609.8525976830465,226401.22035979351
1032000,609.8525976828179,226401.22035980807
1032500,609.8525976825892,226401.22035982262
1033000,609.8525976823607,226401.22035983717
1033500,609.8525976821322,226401.22035985172
1034000,609.8525976819036,226401.22035986627
1034500,609.8525976816751,226401.22035988083
1035000,609.8525976814465,226401.22035989538
1035500,609.8525976812178,226401.22035990993
1036000,609.8525976809893,226401.22035992448
1036500,609.8525976807608,226401.22035993903
1037000,609.8525976805322,226401.2203599536
1037500,609.8525976803037,226401.22035996814
1038000,609.8525976800751,226401.2203599827
1038500,609.8525976798466,226401.22035999724
1039000,609.8525976796179,226401.2203600118
1039500,609.8525976793894,226401.22036002635
1040000,609.8525976791608,226401.2203600409
1040500,609.8525976789323,226401.22036005545
1041000,609.8525976787037,226401.22036007
1041500,609.8525976784751,226401.22036008455
1042000,609.8525976782465,226401.2203600991
1042500,609.8525976780179,226401.22036011366
1043000,609.8525976777895,226401.2203601282
1043500,609.8525976775609,226401.22036014276
1044000,609.8525976773324,226401.2203601573
1044500,609.8525976771037,226401.22036017186
1045000,609.8525976768752,226401.22036018642
1045500,609.8525976766466,226401.22036020097
1046000,609.8525976764181,226401.22036021552
1046500,609.8525976761895,226401.22036023007
1047000,609.8525976759609,226401.22036024462
1047500,609.8525976758493,226401.22036025164
1048000,609.8525976758493,226401.22036025164
1048500,609.8525976758493,226401.22036025164
1049000,609.8525976758493,226401.22036025164
1049500,609.8525976758493,226401.22036025164
1050000,609.8525976758493,226401.22036025164
1050500,609.8525976758493,226401.22036025164
1051000,609.8525976758493,226401.22036025164
1051500,609.8525976758493,226401.22036025164
1052000,609.8525976758493,226401.22036025164
1052500,609.8525976758493,226401.22036025164
1053000,609.8525976758493,226401.22036025164
1053500,609.8525976758493,226401.22036025164
1054000,609.8525976758493,226401.22036025164
1054500,609.8525976758493,226401.22036025164
1055000,609.8525976758493,226401.22036025164
1055500,609.8525976758493,226401.22036025164
1056000,609.8525976758493,226401.22036025164
1056500,609.8525976758493,226401.22036025164
1057000,609.8525976758493,226401.22036025164
1057500,609.8525976758493,226401.22036025164
1058000,609.8525976758493,226401.22036025164
1058500,609.8525976758493,226401.22036025164
1059000,609.8525976758493,226401.22036025164
1059500,609.8525976758493,226401.22036025164
1060000,609.8525976758493,226401.22036025164
1060500,609.8525976758493,226401.22036025164
1061000,609.8525976758493,226401.22036025164
1061500,609.8525976758493,226401.22036025164
1062000,609.8525976758493,226401.22036025164
1062500,609.8525976758493,226401.22036025164
1063000,609.8525976758493,226401.22036025164
1063500,609.8525976758493,226401.22036025164
1064000,609.8525976758493,226401.22036025164
1064500,609.8525976758493,226401.22036025164
1065000,609.8525976758493,226401.22036025164
1065500,609.8525976758493,226401.22036025164
1066000,609.8525976758493,226401.22036025164
1066500,609.8525976758493,226401.22036025164
1067000,609.8525976758493,226401.22036025164
1067500,609.8525976758493,226401.22036025164
1068000,609.8525976758493,226401.22036025164
1068500,609.8525976758493,226401.22036025164
1069000,609.8525976758493,226401.22036025164
1069500,609.8525976758493,226401.22036025164
1070000,609.8525976758493,226401.22036025164
1070500,609.8525976758493,226401.22036025164
1071000,609.8525976758493,226401.22036025164
1071500,609.8525976758493,226401.22036025164
1072000,609.8525976758493,226401.22036025164
1072500,609.8525976758493,226401.22036025164
1073000,609.8525976758493,226401.22036025164
1073500,609.8525976758493,226401.22036025164
1074000,609.8525976758493,226401.22036025164
1074500,609.8525976758493,226401.22036025164
1075000,609.8525976758493,226401.22036025164
1075500,609.8525976758493,226401.22036025164
1076000,609.8525976758493,226401.22036025164
1076500,609.8525976758493,226401.22036025164
1077000,609.8525976758493,226401.22036025164
1077500,609.8525976758493,226401.22036025164
1078000,609.8525976758493,226401.22036025164
1078500,609.8525976758493,226401.22036025164
1079000,609.8525976758493,226401.22036025164
1079500,609.8525976758493,226401.22036025164
1080000,609.8525976758493,226401.22036025164
1080500,609.8525976758493,226401.22036025164
1081000,609.8525976758493,226401.22036025164
1081500,609.8525976758493,226401.22036025164
1082000,609.8525976758493,226401.22036025164
1082500,609.8525976758493,226401.22036025164
1083000,609.8525976758493,226401.22036025164
1083500,609.8525976758493,226401.22036025164
1084000,609.8525976758493,226401.22036025164
1084500,609.8525976758493,226401.22036025164
1085000,609.8525976758493,226401.22036025164
1085500,609.8525976758493,226401.22036025164
1086000,609.8525976758493,226401.22036025164
1086500,609.8525976758493,226401.22036025164
1087000,609.8525976758493,226401.22036025164
1087500,609.8525976758493,226401.22036025164
1088000,609.8525976758493,226401.22036025164
1088500,609.8525976758493,226401.22036025164
1089000,609.8525976758493,226401.22036025164
1089500,609.8525976758493,226401.22036025164
1090000,609.8525976758493,226401.22036025164
1090500,609.8525976758493,226401.22036025164
1091000,609.8525976758493,226401.22036025164
1091500,609.8525976758493,226401.22036025164
1092000,609.8525976758493,226401.22036025164
1092500,609.8525976758493,226401.22036025164
1093000,609.8525976758493,226401.22036025164
1093500,609.8525976758493,226401.22036025164
1094000,609.8525976758493,226401.22036025164
1094500,609.8525976758493,226401.22036025164
1095000,609.8525976758493,226401.22036025164
1095500,609.8525976758493,226401.22036025164
1096000,609.8525976758493,226401.22036025164
1096500,609.8525976758493,226401.22036025164
1097000,609.8525976758493,226401.22036025164
1097500,609.8525976758493,226401.22036025164
1098000,609.8525976758493,226401.22036025164
1098500,609.8525976758493,226401.22036025164
1099000,609.8525976758493,226401.22036025164
1099500,609.8525976758493,226401.22036025164
1100000,609.8525976758493,226401.22036025164
